{"cameraMode":{"drawMode":0,"name":"Shaded","section":"Shading Mode"},"sceneLighting":false,"audioPlay":false,"sceneViewState":{"showFog":true,"showMaterialUpdate":false,"showSkybox":true,"showFlares":true,"showImageEffects":true,"showParticleSystems":true},"in2DMode":false,"pivot":{"x":-3.073375701904297,"y":47.913124084472659,"z":2.607060194015503},"rotation":{"x":-0.1704389750957489,"y":0.019801495596766473,"z":-0.003425748087465763,"w":-0.9851633310317993},"size":39.21376037597656,"orthographic":false}