{"cameraMode":{"drawMode":0,"name":"Shaded","section":"Shading Mode"},"sceneLighting":false,"audioPlay":false,"sceneViewState":{"showFog":true,"showMaterialUpdate":false,"showSkybox":true,"showFlares":true,"showImageEffects":true,"showParticleSystems":true},"in2DMode":false,"pivot":{"x":-6.17000675201416,"y":5.922999858856201,"z":4.573729515075684},"rotation":{"x":-0.1704389750957489,"y":0.019801495596766473,"z":-0.003425748087465763,"w":-0.9851633310317993},"size":0.6064168214797974,"orthographic":false}