{"cameraMode":{"drawMode":0,"name":"Shaded","section":"Shading Mode"},"sceneLighting":false,"audioPlay":false,"sceneViewState":{"showFog":true,"showMaterialUpdate":false,"showSkybox":true,"showFlares":true,"showImageEffects":true,"showParticleSystems":true},"in2DMode":false,"pivot":{"x":-23.540000915527345,"y":1.0999999046325684,"z":-0.15999996662139893},"rotation":{"x":0.2056484818458557,"y":0.04255293309688568,"z":-0.008951866999268532,"w":0.9776594042778015},"size":12.12497615814209,"orthographic":false}