{"cameraMode":{"drawMode":0,"name":"Shaded","section":"Shading Mode"},"sceneLighting":false,"audioPlay":false,"sceneViewState":{"showFog":true,"showMaterialUpdate":false,"showSkybox":true,"showFlares":true,"showImageEffects":true,"showParticleSystems":true},"in2DMode":false,"pivot":{"x":-6.710000038146973,"y":4.769999980926514,"z":-0.23000000417232514},"rotation":{"x":-0.1704389750957489,"y":0.019801495596766473,"z":-0.003425748087465763,"w":-0.9851633310317993},"size":22.0,"orthographic":false}